,Epoch,Mixup Layers,Train Loss,Train Accuracy,Validation Loss,Validation Accuracy
0,0,"[4, 6, 8, 0, 1, 9, 2, 1, 2, 6, 7, 1]",0.769740104675293,10.000000149011612,0.7697402636210123,10.000000894069672
1,1,"[2, 8, 3, 6, 9, 6, 3, 8, 0, 3, 6, 3]",0.7847710450490316,9.999999403953552,0.7847685019175211,9.999999403953552
2,2,"[0, 6, 0, 4, 4, 4, 8, 9, 4, 8, 2, 3]",0.7935012976328532,10.104166716337204,0.7934600512186686,10.116667300462723
3,3,"[9, 2, 6, 1, 6, 8, 9, 2, 0, 2, 8, 6]",0.7244298458099365,19.166667759418488,0.7248009840647379,19.25000250339508
4,4,"[1, 4, 7, 0, 9, 4, 4, 2, 9, 4, 0, 9]",0.6548753976821899,36.72916889190674,0.6559302012125651,36.7166668176651
5,5,"[3, 9, 2, 1, 1, 0, 8, 6, 0, 0, 4, 2]",0.6098429361979166,38.45833241939545,0.6112728516260783,38.499996066093445
6,6,"[4, 4, 1, 8, 0, 2, 9, 7, 4, 0, 0, 2]",0.5967028935750326,36.43749952316284,0.5983221928278605,36.2166702747345
7,7,"[3, 4, 9, 1, 6, 7, 4, 6, 8, 4, 7, 0]",0.5505686203638712,52.416664361953735,0.551745613416036,52.149999141693115
8,8,"[9, 8, 4, 3, 1, 7, 6, 0, 7, 8, 0, 3]",0.547994335492452,52.08333134651184,0.5491976737976074,52.21666693687439
9,9,"[8, 4, 1, 6, 7, 2, 2, 1, 1, 7, 7, 3]",0.5458288590113322,51.81249976158142,0.54691481590271,51.766663789749146
10,10,"[7, 7, 2, 2, 0, 2, 2, 8, 3, 0, 4, 9]",0.5491471687952677,51.541668176651,0.5502341985702515,51.583331823349
11,11,"[3, 6, 6, 1, 1, 4, 9, 7, 3, 8, 4, 8]",0.546754519144694,50.458329916000366,0.5475926001866659,50.54999589920044
12,12,"[7, 1, 2, 8, 3, 7, 0, 3, 7, 7, 7, 9]",0.5463194847106934,50.93750357627869,0.5473671356836954,50.950002670288086
13,13,"[2, 0, 1, 9, 3, 4, 7, 3, 4, 9, 8, 0]",0.5557390848795573,52.125000953674316,0.5570682684580485,52.03333497047424
14,14,"[0, 7, 3, 6, 3, 8, 2, 8, 3, 8, 6, 4]",0.5486765305201212,52.895838022232056,0.5498799482981364,52.83333659172058
15,15,"[7, 3, 8, 2, 8, 9, 7, 6, 2, 2, 0, 9]",0.551448384920756,52.31249928474426,0.5526955922444662,52.35000252723694
16,16,"[1, 8, 4, 3, 1, 2, 9, 9, 2, 9, 2, 8]",0.5550961097081503,52.250003814697266,0.5563592513402303,52.133339643478394
17,17,"[7, 2, 2, 6, 2, 6, 7, 6, 1, 7, 8, 4]",0.5461954673131307,52.20833420753479,0.5473052660624186,52.16667056083679
18,18,"[8, 0, 3, 0, 7, 6, 2, 0, 8, 9, 6, 8]",0.5513655742009481,51.04166269302368,0.5524559815724691,51.08333230018616
19,19,"[6, 6, 2, 4, 8, 2, 2, 3, 2, 7, 3, 9]",0.5538894335428873,51.77083611488342,0.5551197131474813,51.81666612625122
20,20,"[8, 1, 7, 9, 0, 6, 0, 9, 7, 6, 9, 0]",0.5560322205225626,52.35416293144226,0.5573373635609945,52.30000019073486
21,21,"[7, 1, 1, 9, 6, 4, 9, 6, 3, 4, 6, 0]",0.5514245430628458,52.95833349227905,0.5526595115661621,53.01666855812073
22,22,"[0, 0, 4, 6, 7, 7, 2, 9, 3, 3, 2, 0]",0.5498286485671997,51.83333158493042,0.5508846441904703,51.84999704360962
23,23,"[2, 1, 9, 8, 7, 6, 9, 3, 0, 2, 3, 0]",0.5538303057352701,51.18749737739563,0.5549086332321167,51.149994134902954
24,24,"[8, 6, 7, 1, 7, 8, 1, 9, 1, 4, 0, 2]",0.5495530366897583,51.395827531814575,0.5505690574645996,51.43333077430725
25,25,"[9, 1, 2, 9, 0, 6, 3, 7, 6, 7, 2, 6]",0.5438718795776367,51.895833015441895,0.5448059638341268,51.96666717529297
26,26,"[3, 9, 1, 9, 2, 7, 8, 9, 7, 1, 8, 8]",0.5488314231236776,51.729172468185425,0.5500241915384928,51.73333287239075
27,27,"[1, 8, 2, 3, 9, 2, 6, 8, 7, 6, 7, 2]",0.545662522315979,52.20833420753479,0.5467581748962402,52.21666097640991
28,28,"[7, 2, 9, 1, 3, 6, 3, 0, 3, 2, 2, 2]",0.5494340658187866,51.81249380111694,0.5505682627360026,51.74999237060547
29,29,"[7, 0, 6, 4, 9, 4, 3, 7, 4, 9, 7, 0]",0.5507541100184122,51.39583349227905,0.551967978477478,51.46666765213013
30,30,"[8, 8, 0, 9, 2, 2, 3, 8, 6, 4, 2, 6]",0.5467313130696615,53.24999690055847,0.5479238430658976,53.1333327293396
31,31,"[7, 6, 1, 1, 0, 3, 7, 0, 8, 3, 7, 0]",0.5444260835647583,51.729172468185425,0.545340339342753,51.73333287239075
32,32,"[7, 0, 6, 9, 0, 8, 6, 9, 0, 0, 8, 9]",0.5555646816889445,51.56250596046448,0.5567330519358317,51.58333778381348
33,33,"[8, 8, 0, 8, 2, 1, 8, 0, 2, 6, 4, 8]",0.547614574432373,51.41666531562805,0.5488344033559164,51.46666765213013
34,34,"[1, 0, 8, 6, 6, 9, 8, 1, 1, 3, 8, 9]",0.5510791540145874,52.16667056083679,0.5523666540781657,52.000004053115845
35,35,"[0, 6, 0, 6, 3, 7, 3, 0, 7, 8, 7, 9]",0.5517967542012533,51.33333206176758,0.5528874397277832,51.2999951839447
36,36,"[7, 9, 9, 8, 1, 0, 7, 7, 9, 4, 2, 0]",0.5556661685307821,52.416664361953735,0.5569364627202352,52.33333110809326
37,37,"[4, 9, 7, 8, 6, 7, 8, 9, 2, 9, 0, 8]",0.5549747149149576,52.8541624546051,0.5563085476557413,52.74999737739563
38,38,"[1, 4, 0, 4, 1, 7, 0, 0, 1, 9, 2, 1]",0.5529609123865763,51.604169607162476,0.5541268587112427,51.66666507720947
39,39,"[3, 8, 7, 1, 9, 7, 7, 4, 0, 6, 9, 8]",0.5484965642293295,52.22917199134827,0.5496338208516439,52.20000743865967
40,40,"[2, 1, 1, 8, 7, 4, 8, 0, 7, 4, 1, 4]",0.5453727642695109,52.37500071525574,0.5464551448822021,52.46666669845581
41,41,"[2, 4, 7, 9, 9, 3, 2, 2, 2, 8, 4, 3]",0.5488102038701376,51.5625,0.5499730507532755,51.5333354473114
42,42,"[4, 0, 0, 7, 9, 7, 8, 0, 8, 3, 1, 8]",0.5523243347803751,52.04167366027832,0.5537333091100057,52.05000638961792
43,43,"[0, 7, 0, 7, 3, 8, 4, 7, 8, 3, 0, 2]",0.5464181502660116,51.875001192092896,0.5475654204686483,51.95000171661377
44,44,"[8, 3, 1, 9, 1, 4, 0, 2, 6, 3, 4, 3]",0.5500057538350424,52.000004053115845,0.5511114994684855,52.05000638961792
45,45,"[6, 4, 2, 6, 2, 1, 3, 6, 9, 0, 3, 3]",0.5470319191614786,51.499998569488525,0.5480587482452393,51.516664028167725
46,46,"[9, 0, 8, 6, 1, 4, 2, 0, 7, 3, 2, 9]",0.5487368504206339,51.895833015441895,0.5497019290924072,51.883333921432495
47,47,"[6, 7, 2, 1, 4, 8, 8, 2, 1, 2, 7, 1]",0.550939122835795,51.625001430511475,0.5520508686701456,51.73333287239075
48,48,"[7, 0, 4, 6, 3, 0, 4, 0, 7, 4, 9, 2]",0.5491847991943359,52.83333659172058,0.5503464937210083,52.83333659172058
49,49,"[6, 7, 1, 9, 1, 1, 0, 6, 4, 2, 4, 3]",0.5468347867329916,53.104168176651,0.5479333400726318,53.1000018119812
50,50,"[2, 2, 6, 6, 9, 7, 7, 6, 0, 4, 7, 3]",0.5431689023971558,52.541667222976685,0.5442677736282349,52.533334493637085
51,51,"[6, 4, 2, 1, 7, 3, 2, 4, 0, 9, 1, 4]",0.5454807678858439,52.74999737739563,0.546585202217102,52.716660499572754
52,52,"[3, 9, 1, 6, 2, 4, 2, 8, 4, 6, 9, 4]",0.5438782374064127,53.083330392837524,0.5449747244517008,53.083330392837524
53,53,"[4, 0, 8, 7, 7, 9, 6, 7, 6, 9, 4, 7]",0.5493946075439453,53.52082848548889,0.5506999492645264,53.49999666213989
54,54,"[1, 1, 4, 0, 8, 8, 1, 6, 9, 8, 2, 8]",0.5526396830876669,52.20832824707031,0.5539551973342896,52.13332772254944
55,55,"[8, 4, 2, 1, 4, 0, 4, 8, 6, 7, 2, 6]",0.5473113059997559,53.27083468437195,0.5485886732737223,53.300005197525024
56,56,"[8, 3, 4, 1, 1, 7, 8, 3, 2, 3, 8, 4]",0.5471388498942057,52.60416865348816,0.548392653465271,52.46666669845581
57,57,"[8, 8, 6, 7, 3, 6, 8, 8, 7, 2, 2, 6]",0.5419134696324667,52.06250548362732,0.5430646340052286,52.000004053115845
58,58,"[0, 7, 2, 3, 2, 7, 8, 3, 7, 7, 3, 2]",0.5471857388814291,52.812498807907104,0.5484633048375448,52.73333191871643
59,59,"[1, 9, 9, 4, 3, 6, 1, 6, 0, 6, 0, 0]",0.5492703517278036,52.270835638046265,0.5504507621129354,52.30000615119934
60,60,"[7, 9, 6, 7, 8, 4, 1, 1, 7, 6, 4, 1]",0.5463081995646158,52.29167342185974,0.5472797552744547,52.45000720024109
61,61,"[6, 1, 1, 6, 7, 8, 3, 7, 4, 2, 0, 8]",0.550240953763326,52.166664600372314,0.5515246391296387,52.20000147819519
62,62,"[6, 2, 6, 1, 2, 6, 4, 6, 9, 8, 8, 9]",0.5487683614095052,51.93749666213989,0.5499230225880941,51.916664838790894
63,63,"[3, 6, 8, 1, 9, 9, 6, 8, 9, 2, 2, 2]",0.5504037539164225,52.35416889190674,0.5516130129496256,52.23333239555359
64,64,"[1, 8, 2, 8, 3, 8, 4, 8, 6, 2, 1, 4]",0.5459243456522623,52.000004053115845,0.547020157178243,51.95000171661377
65,65,"[3, 8, 7, 7, 2, 7, 4, 4, 9, 0, 6, 1]",0.5462170044581095,52.95833945274353,0.5473711093266805,52.81667113304138
66,66,"[0, 3, 2, 4, 8, 7, 1, 9, 0, 0, 9, 1]",0.5524227221806844,52.18749642372131,0.5536065498987833,52.166664600372314
67,67,"[7, 4, 4, 7, 2, 2, 6, 7, 9, 4, 3, 3]",0.5474750598271688,52.08333730697632,0.5484416882197062,52.133339643478394
68,68,"[3, 4, 4, 0, 1, 2, 8, 1, 3, 6, 3, 4]",0.5500046014785767,53.31249237060547,0.5512288808822632,53.16665768623352
69,69,"[1, 7, 3, 1, 8, 4, 1, 8, 3, 9, 0, 2]",0.5557734568913778,52.291661500930786,0.557085394859314,52.133333683013916
70,70,"[3, 7, 3, 0, 0, 7, 2, 8, 8, 1, 7, 9]",0.5504957437515259,51.14583373069763,0.5517493486404419,51.18333697319031
71,71,"[4, 9, 0, 3, 4, 1, 7, 4, 7, 8, 4, 6]",0.544621745745341,52.87500023841858,0.5457348426183065,52.799999713897705
72,72,"[4, 2, 4, 1, 0, 9, 3, 1, 1, 4, 9, 0]",0.551483670870463,51.70833468437195,0.5524641672770182,51.8166720867157
73,73,"[0, 3, 6, 8, 2, 6, 6, 0, 9, 7, 7, 3]",0.5514136552810669,52.395832538604736,0.552627166112264,52.30000019073486
74,74,"[4, 1, 6, 2, 1, 0, 0, 8, 1, 2, 8, 4]",0.5517264604568481,51.91667079925537,0.5529435475667318,51.91667079925537
75,75,"[6, 4, 9, 4, 3, 3, 2, 6, 0, 1, 2, 7]",0.5446589390436808,52.22916603088379,0.5456239779790243,52.30000019073486
76,76,"[7, 3, 4, 8, 2, 0, 1, 8, 1, 1, 3, 6]",0.5506387948989868,51.33333206176758,0.5516624450683594,51.2999951839447
77,77,"[1, 8, 4, 0, 6, 4, 7, 1, 4, 9, 9, 7]",0.5502793391545614,52.18749642372131,0.5514695644378662,52.20000147819519
78,78,"[6, 0, 0, 4, 3, 3, 8, 6, 1, 1, 9, 3]",0.5534710884094238,52.41667032241821,0.5547616879145304,52.36666798591614
79,79,"[7, 2, 0, 9, 2, 3, 4, 3, 6, 0, 8, 6]",0.5476817687352499,52.562499046325684,0.5489146709442139,52.399998903274536
80,80,"[4, 6, 0, 0, 7, 4, 6, 9, 0, 1, 2, 1]",0.5489952166875204,51.91667079925537,0.5500829219818115,51.91667079925537
81,81,"[2, 6, 1, 9, 0, 3, 9, 7, 1, 7, 8, 1]",0.5494635502497355,51.79166793823242,0.5505115191141764,51.883333921432495
82,82,"[3, 9, 3, 3, 3, 7, 3, 4, 8, 6, 4, 1]",0.5461562474568685,52.520835399627686,0.5472862720489502,52.549999952316284
83,83,"[1, 8, 7, 9, 8, 1, 6, 8, 3, 9, 1, 0]",0.5482591390609741,51.624995470047,0.5493851105372111,51.68333053588867
84,84,"[6, 6, 7, 8, 2, 7, 2, 9, 2, 4, 6, 0]",0.5467098156611124,52.54166126251221,0.5478574434916178,52.46666073799133
85,85,"[2, 3, 6, 3, 0, 9, 3, 6, 2, 8, 0, 1]",0.5473359028498331,51.70833468437195,0.5484010378519694,51.766663789749146
86,86,"[0, 4, 3, 2, 6, 3, 6, 4, 1, 7, 7, 1]",0.5471314986546835,52.43750214576721,0.5481836398442587,52.36666798591614
87,87,"[8, 4, 6, 0, 3, 1, 9, 7, 2, 9, 2, 7]",0.5502966642379761,52.937501668930054,0.5515005985895792,52.900004386901855
88,88,"[9, 3, 4, 3, 4, 2, 7, 8, 1, 9, 7, 7]",0.5514729817708334,52.37500071525574,0.5527360439300537,52.38333344459534
89,89,"[8, 0, 1, 1, 1, 8, 1, 8, 4, 7, 1, 7]",0.5521903038024902,52.020829916000366,0.5534548759460449,51.94999575614929
90,90,"[2, 8, 6, 6, 7, 4, 8, 7, 7, 4, 9, 6]",0.5455082257588705,51.95834040641785,0.5466666221618652,52.016669511795044
91,91,"[7, 0, 7, 6, 6, 3, 2, 4, 0, 4, 2, 8]",0.5443572998046875,52.06250548362732,0.5454100767771403,52.11666822433472
92,92,"[7, 4, 2, 7, 4, 6, 3, 7, 6, 1, 9, 2]",0.543697198232015,51.29166841506958,0.5445026954015096,51.483333110809326
93,93,"[9, 7, 3, 9, 8, 6, 1, 1, 1, 0, 1, 1]",0.5504321654637655,50.999999046325684,0.5513210693995158,51.05000138282776
94,94,"[8, 3, 1, 1, 8, 1, 2, 4, 2, 2, 1, 3]",0.5533100366592407,51.97916626930237,0.5544383525848389,51.8500030040741
95,95,"[3, 6, 1, 2, 6, 7, 1, 4, 1, 6, 6, 6]",0.5445734262466431,52.77082920074463,0.5456931591033936,52.8499960899353
96,96,"[7, 1, 3, 2, 7, 6, 1, 0, 9, 9, 9, 4]",0.5526644388834635,52.020835876464844,0.5537683566411337,51.966673135757446
97,97,"[1, 0, 6, 0, 0, 9, 9, 4, 3, 9, 8, 2]",0.5546476443608602,51.145827770233154,0.5557398001352946,51.149994134902954
98,98,"[9, 3, 6, 7, 2, 6, 4, 2, 3, 1, 8, 6]",0.5481319824854533,52.270835638046265,0.5492705901463827,52.23333239555359
99,99,"[0, 3, 1, 7, 9, 2, 2, 9, 4, 6, 6, 1]",0.545970598856608,52.666670083999634,0.5470453103383383,52.633339166641235
100,100,"[6, 9, 1, 0, 8, 3, 1, 2, 8, 4, 1, 6]",0.5460313558578491,51.70833468437195,0.54694132010142,51.71666741371155
101,101,"[1, 8, 4, 8, 0, 0, 1, 6, 4, 3, 0, 0]",0.5519345998764038,51.68749690055847,0.5531137386957804,51.81666612625122
102,102,"[9, 6, 1, 9, 6, 0, 9, 9, 1, 3, 6, 1]",0.5488123893737793,51.875001192092896,0.5498210986455282,51.899999380111694
103,103,"[1, 6, 4, 0, 9, 3, 1, 3, 6, 9, 4, 7]",0.5476619402567545,51.95833444595337,0.5487039486567179,52.03333497047424
104,104,"[0, 7, 0, 8, 4, 7, 3, 7, 7, 7, 9, 4]",0.5457092523574829,52.50000357627869,0.5468495686848959,52.516669034957886
105,105,"[1, 0, 0, 3, 2, 2, 8, 8, 2, 4, 7, 3]",0.5429499546686808,52.97916531562805,0.5440439383188883,53.01666855812073
106,106,"[9, 3, 7, 2, 9, 7, 3, 8, 8, 7, 0, 4]",0.549057682355245,52.89583206176758,0.5503374735514323,52.799999713897705
107,107,"[3, 6, 9, 2, 4, 3, 0, 2, 4, 8, 9, 1]",0.552224357922872,52.45833992958069,0.5534612735112509,52.31667160987854
108,108,"[2, 0, 3, 1, 3, 2, 3, 7, 6, 7, 3, 8]",0.5492485761642456,52.47916579246521,0.5504918098449707,52.35000252723694
109,109,"[7, 8, 6, 3, 0, 3, 3, 7, 2, 6, 8, 0]",0.5477538506189982,52.89583206176758,0.5490256547927856,52.76666879653931
110,110,"[4, 6, 4, 4, 1, 3, 0, 0, 2, 7, 1, 1]",0.550230860710144,52.12499499320984,0.5512982209523519,52.183330059051514
111,111,"[4, 0, 3, 1, 8, 7, 4, 2, 6, 0, 2, 0]",0.5486194292704264,51.45832896232605,0.5495742559432983,51.499998569488525
112,112,"[1, 6, 4, 1, 3, 9, 7, 2, 6, 2, 7, 7]",0.5453235705693563,52.145832777023315,0.5463576316833496,52.149999141693115
113,113,"[0, 9, 3, 3, 4, 9, 8, 1, 0, 2, 6, 4]",0.5448398590087891,51.81249976158142,0.5457129875818888,51.883333921432495
114,114,"[4, 1, 2, 3, 3, 7, 2, 2, 9, 9, 1, 0]",0.5515803098678589,51.5625,0.5526448488235474,51.70000195503235
115,115,"[1, 1, 6, 1, 1, 3, 6, 6, 8, 4, 7, 4]",0.5429282188415527,52.43750214576721,0.5438978672027588,52.399998903274536
116,116,"[6, 4, 1, 2, 7, 6, 4, 2, 9, 6, 8, 1]",0.5456104278564453,53.66666913032532,0.5467734734217325,53.54999899864197
117,117,"[1, 4, 6, 7, 7, 7, 4, 4, 4, 0, 9, 9]",0.5493430693944296,52.45832800865173,0.550439198811849,52.449995279312134
118,118,"[0, 0, 1, 2, 2, 4, 6, 4, 4, 8, 2, 3]",0.5486996571222941,52.60416865348816,0.5498652458190918,52.55000591278076
119,119,"[8, 2, 7, 7, 3, 6, 2, 4, 7, 2, 4, 8]",0.5451831817626953,53.95832657814026,0.5464539527893066,53.849995136260986
120,120,"[1, 1, 8, 2, 0, 1, 9, 4, 8, 9, 8, 7]",0.5511711438496908,52.47917175292969,0.5524576505025228,52.350008487701416
121,121,"[9, 4, 7, 8, 8, 9, 1, 6, 8, 3, 1, 7]",0.5484218597412109,51.04166865348816,0.5494600137074789,51.01667046546936
122,122,"[4, 3, 0, 8, 1, 4, 2, 4, 8, 6, 3, 3]",0.5474758148193359,52.270835638046265,0.5486089785893759,52.266669273376465
123,123,"[6, 0, 4, 4, 6, 6, 3, 0, 3, 4, 0, 1]",0.5494672060012817,52.395832538604736,0.5505998929341634,52.449995279312134
124,124,"[4, 9, 8, 0, 6, 2, 3, 3, 9, 0, 7, 9]",0.5513368844985962,52.916669845581055,0.5525671243667603,52.85000205039978
125,125,"[8, 2, 3, 4, 2, 1, 2, 1, 3, 2, 7, 8]",0.5479769309361776,51.83333158493042,0.5490594307581583,51.78333520889282
126,126,"[9, 1, 0, 3, 3, 1, 4, 4, 0, 1, 8, 9]",0.5525471369425455,52.45833396911621,0.5537457466125488,52.533334493637085
127,127,"[1, 7, 1, 6, 3, 2, 2, 4, 6, 0, 0, 4]",0.5486939748128256,52.47916579246521,0.5497604608535767,52.433329820632935
128,128,"[0, 3, 6, 9, 9, 4, 7, 1, 3, 0, 1, 4]",0.5474740266799927,51.81249976158142,0.5484032233556112,51.83333158493042
129,129,"[4, 8, 7, 7, 9, 0, 3, 4, 9, 9, 4, 2]",0.5492504835128784,52.10416913032532,0.5503166516621908,52.233338356018066
130,130,"[9, 1, 8, 1, 8, 0, 4, 8, 4, 0, 8, 7]",0.5491967598597208,51.875001192092896,0.5503480831782023,51.93333029747009
131,131,"[6, 3, 3, 2, 7, 9, 4, 6, 9, 6, 9, 9]",0.5541524887084961,52.79166102409363,0.5554030338923136,52.76666283607483
132,132,"[0, 9, 1, 7, 8, 7, 8, 7, 1, 0, 8, 4]",0.5508066415786743,52.395832538604736,0.5521126588185629,52.24999785423279
133,133,"[4, 6, 2, 2, 2, 0, 9, 1, 6, 8, 6, 2]",0.55006476243337,52.49999761581421,0.5513397057851156,52.51666307449341
134,134,"[0, 7, 8, 0, 6, 4, 6, 6, 0, 4, 6, 2]",0.5445024172465006,50.833332538604736,0.5453861951828003,51.05000138282776
135,135,"[4, 6, 6, 0, 2, 8, 9, 8, 3, 9, 4, 0]",0.5524505376815796,51.229166984558105,0.5535506010055542,51.216667890548706
136,136,"[2, 1, 3, 6, 1, 7, 1, 3, 4, 0, 8, 6]",0.5449087222417196,50.583332777023315,0.5457374254862467,50.68332552909851
137,137,"[2, 0, 0, 7, 2, 4, 7, 0, 1, 7, 8, 4]",0.5492048660914103,51.5625,0.5503526528676351,51.5500009059906
138,138,"[0, 8, 7, 0, 6, 6, 7, 4, 7, 7, 7, 3]",0.5442179441452026,51.520830392837524,0.5452733834584554,51.516664028167725
139,139,"[6, 4, 4, 6, 4, 2, 8, 0, 2, 9, 0, 4]",0.5464794238408407,51.77083611488342,0.5474276145299276,51.96666717529297
140,140,"[0, 6, 0, 4, 2, 9, 4, 8, 8, 2, 1, 4]",0.5482170184453329,50.81250071525574,0.5491411685943604,50.983333587646484
141,141,"[6, 7, 8, 3, 7, 6, 9, 0, 2, 4, 4, 1]",0.545735239982605,52.12499499320984,0.546897292137146,52.23333239555359
142,142,"[2, 2, 3, 6, 6, 3, 4, 8, 1, 8, 1, 7]",0.546629269917806,52.91666388511658,0.5477962096532186,52.86666750907898
143,143,"[7, 8, 2, 7, 1, 1, 6, 1, 3, 7, 4, 0]",0.5486294428507487,52.395838499069214,0.5497816801071167,52.35000252723694
144,144,"[9, 4, 4, 0, 3, 9, 4, 2, 8, 3, 8, 1]",0.5476495424906412,51.97916626930237,0.54887588818868,51.983338594436646
145,145,"[6, 0, 2, 3, 3, 2, 3, 2, 8, 0, 4, 7]",0.544815182685852,51.5625,0.5458331902821859,51.600003242492676
146,146,"[0, 7, 2, 4, 2, 0, 9, 4, 0, 3, 6, 7]",0.5441417694091797,53.54166626930237,0.5452144145965576,53.43332886695862
147,147,"[6, 8, 2, 7, 7, 1, 6, 6, 2, 9, 1, 8]",0.5459023714065552,53.041666746139526,0.5470753908157349,52.933335304260254
148,148,"[1, 2, 0, 2, 8, 6, 0, 3, 6, 4, 2, 9]",0.5453984340031942,51.375001668930054,0.5463617642720541,51.41666531562805
149,149,"[6, 9, 8, 4, 2, 0, 6, 1, 3, 0, 6, 7]",0.5430812438329061,51.624995470047,0.5441281795501709,51.766663789749146
150,150,"[6, 7, 0, 9, 9, 9, 4, 9, 7, 4, 4, 3]",0.5514142115910848,53.041666746139526,0.5526866912841797,53.03333401679993
151,151,"[3, 3, 3, 3, 7, 2, 8, 6, 3, 1, 2, 3]",0.5535058577855428,52.97916531562805,0.5548558632532755,53.03333401679993
152,152,"[3, 4, 9, 6, 2, 8, 6, 0, 9, 6, 3, 1]",0.5491449038187662,52.77082920074463,0.5503720839818319,52.64999866485596
153,153,"[7, 1, 1, 6, 9, 1, 8, 7, 6, 3, 3, 4]",0.5460615555445353,53.64583730697632,0.5472798347473145,53.46667170524597
154,154,"[1, 8, 0, 6, 0, 3, 8, 4, 9, 7, 7, 2]",0.5520009994506836,53.354161977767944,0.5532994270324707,53.26666235923767
155,155,"[2, 0, 1, 1, 1, 1, 2, 9, 0, 1, 7, 3]",0.5521815220514933,51.875001192092896,0.5533395210901896,51.8500030040741
156,156,"[4, 7, 0, 7, 0, 1, 3, 4, 4, 0, 7, 7]",0.5460713704427084,52.12499499320984,0.5470979611078898,52.09999680519104
157,157,"[0, 0, 9, 3, 6, 9, 0, 2, 7, 4, 4, 3]",0.5505286852518717,52.97917127609253,0.5517170429229736,52.81667113304138
158,158,"[2, 4, 7, 3, 4, 2, 4, 2, 1, 1, 9, 2]",0.5492831865946451,52.166664600372314,0.5504063367843628,52.183330059051514
159,159,"[9, 2, 9, 9, 7, 9, 2, 7, 6, 2, 1, 9]",0.548460841178894,51.66666507720947,0.5494887828826904,51.766663789749146
160,160,"[7, 4, 7, 6, 6, 2, 0, 3, 0, 6, 9, 6]",0.5458091100056967,52.291661500930786,0.546887199083964,52.33333110809326
161,161,"[8, 4, 4, 4, 7, 0, 6, 0, 7, 1, 7, 1]",0.5476204554239908,53.10416221618652,0.5488181908925375,53.14999222755432
162,162,"[0, 0, 2, 4, 9, 4, 6, 7, 4, 1, 1, 9]",0.5515682299931844,50.91666579246521,0.5525531768798828,51.18333697319031
163,163,"[8, 9, 4, 6, 1, 4, 4, 3, 3, 8, 4, 7]",0.5434575080871582,52.22916007041931,0.5445262988408407,52.34999060630798
164,164,"[4, 8, 4, 9, 4, 6, 2, 2, 1, 4, 8, 8]",0.5496414105097452,52.97916531562805,0.5508966048558553,52.933329343795776
165,165,"[6, 6, 1, 6, 3, 3, 2, 7, 9, 4, 9, 9]",0.5563612381617228,52.43750214576721,0.5575438340504965,52.45000123977661
166,166,"[6, 6, 7, 2, 3, 8, 2, 0, 8, 6, 1, 7]",0.5477516253789266,52.62500047683716,0.5489006837209066,52.549999952316284
167,167,"[3, 8, 1, 0, 1, 7, 6, 1, 7, 1, 3, 3]",0.548637588818868,52.562493085861206,0.5498320659001669,52.51666307449341
168,168,"[1, 1, 0, 7, 4, 6, 1, 4, 6, 1, 2, 7]",0.5447012583414713,51.916664838790894,0.545711358388265,51.916664838790894
169,169,"[8, 2, 4, 0, 1, 1, 7, 4, 6, 1, 4, 9]",0.547997792561849,53.00000309944153,0.5491222540537516,53.016674518585205
170,170,"[2, 9, 4, 4, 2, 8, 3, 2, 2, 1, 7, 6]",0.5499304533004761,53.104168176651,0.5512433449427286,53.03333401679993
171,171,"[2, 3, 3, 6, 7, 3, 1, 8, 6, 2, 7, 9]",0.5501528183619181,52.99999713897705,0.5514183839162191,52.8333306312561
172,172,"[0, 9, 4, 4, 8, 6, 6, 6, 4, 0, 9, 0]",0.5511502027511597,52.35416293144226,0.5522547562917074,52.36666202545166
173,173,"[1, 0, 0, 9, 9, 0, 7, 4, 1, 1, 1, 4]",0.5556493997573853,52.395838499069214,0.556778073310852,52.399998903274536
174,174,"[4, 3, 7, 8, 9, 3, 1, 4, 4, 2, 7, 9]",0.55012047290802,53.37499976158142,0.5513127247492472,53.183335065841675
175,175,"[1, 8, 6, 2, 6, 3, 1, 8, 4, 3, 6, 7]",0.5464648803075155,52.35416293144226,0.5475336313247681,52.433329820632935
176,176,"[6, 1, 7, 7, 7, 6, 3, 4, 8, 7, 7, 8]",0.5437736908594767,52.020835876464844,0.5448364019393921,52.03333497047424
177,177,"[8, 7, 3, 9, 9, 1, 9, 8, 4, 1, 2, 4]",0.5515354871749878,51.645833253860474,0.5526295105616251,51.73333287239075
178,178,"[4, 3, 9, 6, 1, 2, 6, 1, 1, 1, 2, 7]",0.5469460487365723,50.91667175292969,0.5477683544158936,51.00000500679016
179,179,"[9, 6, 3, 4, 6, 6, 4, 1, 2, 0, 3, 4]",0.5484242041905721,51.31250023841858,0.5493432680765787,51.39999985694885
180,180,"[1, 9, 9, 6, 6, 4, 0, 2, 2, 9, 2, 4]",0.5498877763748169,52.72915959358215,0.5509415070215861,52.716660499572754
181,181,"[0, 2, 1, 7, 9, 8, 7, 9, 9, 4, 3, 8]",0.5535109440485636,51.68750286102295,0.5546133518218994,51.70000195503235
182,182,"[2, 0, 3, 9, 3, 2, 2, 9, 4, 9, 8, 4]",0.5539358456929525,52.87500023841858,0.5552111069361368,52.799999713897705
183,183,"[3, 0, 7, 7, 9, 4, 1, 9, 0, 2, 4, 4]",0.5524669090906779,52.812498807907104,0.5536606709162394,52.71666646003723
184,184,"[1, 4, 1, 7, 1, 6, 7, 4, 0, 0, 9, 9]",0.5534199476242065,52.666670083999634,0.5546407302220663,52.633339166641235
185,185,"[3, 3, 4, 0, 3, 2, 6, 0, 0, 9, 3, 9]",0.5545221567153931,51.81249976158142,0.5556413729985555,51.81666612625122
186,186,"[9, 8, 2, 7, 1, 7, 0, 1, 9, 3, 2, 3]",0.5533394813537598,52.70833373069763,0.554572860399882,52.533334493637085
187,187,"[6, 8, 9, 8, 2, 0, 0, 7, 8, 8, 3, 3]",0.5527766148249308,52.22916603088379,0.5541231632232666,52.08333134651184
188,188,"[7, 1, 7, 8, 1, 9, 7, 7, 4, 3, 7, 7]",0.547578493754069,52.145832777023315,0.5488525629043579,52.03333497047424
189,189,"[0, 8, 6, 3, 0, 0, 4, 7, 7, 2, 8, 9]",0.5517270962397257,52.50000357627869,0.5530294974644979,52.36666798591614
190,190,"[0, 6, 8, 2, 0, 4, 1, 1, 2, 8, 4, 8]",0.5494853258132935,51.791661977767944,0.5506749947865804,51.70000195503235
191,191,"[7, 7, 0, 4, 7, 7, 9, 4, 7, 7, 2, 8]",0.5448029438654581,52.81250476837158,0.5459903478622437,52.783334255218506
192,192,"[9, 1, 7, 4, 4, 7, 1, 7, 1, 7, 6, 4]",0.545495351155599,53.77083420753479,0.5466878414154053,53.63333225250244
193,193,"[3, 0, 2, 6, 6, 1, 7, 0, 2, 0, 7, 0]",0.5495498975118002,51.99999809265137,0.5506717363993326,52.049994468688965
194,194,"[4, 1, 3, 3, 9, 9, 0, 3, 4, 7, 3, 6]",0.547089695930481,52.72917151451111,0.5481757720311483,52.73333787918091
195,195,"[4, 6, 0, 7, 2, 7, 3, 4, 3, 3, 7, 1]",0.5461291074752808,52.72916555404663,0.5472531318664551,52.64999866485596
196,196,"[7, 2, 6, 4, 3, 1, 9, 7, 9, 8, 1, 7]",0.5486277341842651,52.791666984558105,0.5498063961664835,52.71666646003723
197,197,"[2, 4, 3, 2, 3, 4, 6, 8, 8, 8, 6, 4]",0.5431515773137411,52.45833396911621,0.5443312327067057,52.31666564941406
198,198,"[4, 6, 9, 6, 1, 0, 0, 9, 7, 7, 1, 7]",0.5498258272806803,53.062504529953,0.5511186917622884,52.96666622161865
199,199,"[8, 7, 3, 9, 0, 2, 2, 8, 3, 7, 0, 0]",0.5507814089457194,51.499998569488525,0.5518949031829834,51.5666663646698
200,200,"[9, 0, 6, 9, 1, 1, 0, 2, 7, 2, 3, 8]",0.5503255923589071,51.68750286102295,0.5514658292134603,51.70000195503235
201,201,"[3, 4, 3, 4, 1, 9, 2, 6, 8, 1, 2, 2]",0.5446132024129232,51.749998331069946,0.5455889701843262,51.89999341964722
202,202,"[2, 2, 6, 0, 3, 9, 1, 1, 8, 0, 2, 1]",0.5518519481023153,51.645833253860474,0.5529684623082479,51.56667232513428
203,203,"[1, 0, 1, 4, 7, 0, 2, 3, 8, 8, 9, 2]",0.5515138705571493,52.56250500679016,0.5526522795359293,52.36666798591614
204,204,"[8, 2, 4, 0, 0, 8, 3, 6, 6, 3, 6, 9]",0.5473655064900717,52.8333306312561,0.5485438108444214,52.74999737739563
205,205,"[9, 8, 3, 2, 6, 1, 8, 8, 1, 2, 8, 6]",0.5482715368270874,51.625001430511475,0.5493940114974976,51.600003242492676
206,206,"[7, 0, 1, 8, 7, 8, 7, 6, 6, 7, 9, 9]",0.5514914592107137,52.72917151451111,0.5526981751124064,52.75000333786011
207,207,"[3, 7, 2, 0, 6, 1, 9, 7, 8, 3, 3, 3]",0.5505342483520508,52.45833396911621,0.5517488718032837,52.35000252723694
208,208,"[7, 8, 4, 6, 6, 7, 9, 4, 1, 6, 1, 0]",0.5489089886347452,52.22916007041931,0.550088087717692,52.09999680519104
209,209,"[9, 6, 9, 8, 7, 8, 3, 1, 7, 8, 7, 8]",0.5502448081970215,52.125000953674316,0.5515740315119425,52.08333134651184
210,210,"[9, 2, 4, 4, 4, 3, 2, 4, 8, 3, 9, 3]",0.5517391761144003,52.437496185302734,0.5529332558314005,52.30000019073486
211,211,"[6, 2, 7, 3, 8, 8, 6, 6, 3, 1, 6, 4]",0.5464232762654623,53.458333015441895,0.5476460854212443,53.433334827423096
212,212,"[6, 2, 9, 4, 1, 3, 3, 9, 1, 1, 2, 6]",0.547254721323649,51.479166746139526,0.5482711394627889,51.600003242492676
213,213,"[1, 8, 1, 7, 2, 9, 4, 9, 1, 2, 2, 4]",0.5533509651819865,52.250003814697266,0.5544376373291016,52.20000147819519
214,214,"[8, 8, 8, 3, 1, 1, 1, 6, 4, 2, 7, 2]",0.5522525707880656,52.50000357627869,0.553483764330546,52.383339405059814
215,215,"[0, 3, 4, 1, 2, 0, 3, 3, 7, 2, 3, 8]",0.5466516415278116,51.104164123535156,0.5476967891057333,51.233333349227905
216,216,"[2, 2, 7, 6, 8, 3, 9, 0, 1, 0, 1, 3]",0.5522288878758749,51.333338022232056,0.5534818967183431,51.40000581741333
217,217,"[6, 2, 3, 0, 0, 9, 2, 4, 0, 9, 2, 7]",0.5524838368097941,52.45833992958069,0.5536771217981974,52.383339405059814
218,218,"[7, 1, 7, 8, 7, 6, 3, 1, 4, 8, 3, 8]",0.5490271250406901,51.97916626930237,0.550178607304891,51.98333263397217
219,219,"[1, 8, 6, 1, 7, 8, 9, 9, 4, 8, 0, 8]",0.5493629773457845,53.062498569488525,0.5506897370020548,52.86666750907898
220,220,"[1, 8, 6, 1, 3, 9, 1, 9, 8, 1, 9, 6]",0.5573042233784994,52.06250548362732,0.5587048530578613,52.11666822433472
221,221,"[3, 2, 4, 4, 7, 3, 1, 7, 2, 3, 3, 9]",0.5500279664993286,51.749998331069946,0.5511829853057861,51.749998331069946
222,222,"[1, 1, 8, 1, 9, 8, 7, 8, 6, 1, 9, 2]",0.5507588386535645,52.416664361953735,0.5520149072011312,52.28332877159119
223,223,"[9, 9, 1, 9, 1, 2, 9, 1, 3, 4, 6, 0]",0.5563468535741171,52.70833373069763,0.5576051473617554,52.63332724571228
224,224,"[3, 2, 4, 4, 8, 9, 9, 6, 3, 4, 9, 7]",0.5517861445744833,52.770835161209106,0.552979310353597,52.68333554267883
225,225,"[2, 6, 7, 2, 0, 4, 8, 4, 1, 9, 9, 4]",0.5494763056437174,52.270835638046265,0.5506269534428915,52.30000019073486
226,226,"[1, 0, 7, 9, 9, 2, 9, 4, 8, 2, 4, 3]",0.5519522428512573,52.35416889190674,0.5531634092330933,52.31666564941406
227,227,"[9, 7, 8, 1, 2, 8, 6, 8, 9, 4, 1, 3]",0.5490226745605469,52.125000953674316,0.5501790444056193,52.133333683013916
228,228,"[0, 4, 9, 9, 9, 2, 8, 4, 9, 6, 6, 1]",0.548666795094808,52.35416293144226,0.5496911207834879,52.33333110809326
229,229,"[4, 0, 6, 0, 9, 1, 6, 1, 2, 4, 6, 3]",0.547481377919515,53.27083468437195,0.5485411882400513,53.083330392837524
230,230,"[9, 8, 3, 0, 3, 0, 1, 3, 8, 4, 7, 7]",0.549879272778829,53.02083492279053,0.5511128505071005,52.88333296775818
231,231,"[2, 3, 2, 4, 2, 9, 9, 7, 1, 2, 3, 7]",0.5468767086664835,51.43750309944153,0.5478567282358805,51.483339071273804
232,232,"[7, 0, 8, 9, 6, 6, 1, 7, 8, 8, 6, 0]",0.5451801220575968,50.354164838790894,0.5460697412490845,50.599998235702515
233,233,"[2, 4, 6, 4, 2, 8, 9, 2, 8, 0, 9, 1]",0.5494206349054972,51.541668176651,0.5504514773686727,51.5333354473114
234,234,"[6, 1, 7, 1, 8, 9, 6, 3, 4, 0, 8, 7]",0.5457989374796549,52.85416841506958,0.5469553073247274,52.68333554267883
235,235,"[7, 9, 4, 4, 1, 4, 7, 2, 0, 0, 9, 4]",0.5484409729639689,52.83333659172058,0.5495503346125284,52.799999713897705
236,236,"[3, 2, 6, 3, 4, 7, 3, 2, 4, 0, 9, 6]",0.5499272346496582,52.125000953674316,0.5510618686676025,52.149999141693115
237,237,"[7, 2, 6, 7, 8, 2, 7, 8, 0, 3, 4, 2]",0.5487395524978638,52.812498807907104,0.5499610900878906,52.78332829475403
238,238,"[6, 3, 4, 9, 3, 4, 1, 2, 6, 0, 2, 8]",0.5483067830403646,51.624995470047,0.5494569142659506,51.5666663646698
239,239,"[1, 2, 0, 8, 3, 0, 9, 3, 9, 3, 8, 6]",0.5503304799397787,52.20833420753479,0.5515944957733154,52.14999318122864
240,240,"[4, 7, 9, 3, 3, 2, 2, 3, 4, 4, 2, 0]",0.5502605040868124,52.33333706855774,0.5513586600621542,52.149999141693115
241,241,"[4, 7, 6, 4, 3, 4, 8, 9, 0, 3, 1, 3]",0.5515537659327189,52.75000333786011,0.5527642170588175,52.58333683013916
242,242,"[2, 2, 0, 0, 2, 2, 8, 8, 2, 2, 9, 8]",0.5523849725723267,51.68749690055847,0.55361008644104,51.633334159851074
243,243,"[2, 7, 6, 3, 4, 7, 7, 8, 3, 2, 1, 3]",0.5481452941894531,52.020829916000366,0.5492570797602335,51.84999704360962
244,244,"[1, 4, 6, 6, 4, 4, 9, 8, 8, 9, 0, 8]",0.5513364871342977,52.47916579246521,0.5525807936986288,52.36666798591614
245,245,"[6, 0, 2, 4, 9, 0, 6, 2, 6, 4, 7, 7]",0.5459314982096354,52.562499046325684,0.5470297733942667,52.68333554267883
246,246,"[7, 1, 4, 4, 3, 1, 9, 1, 1, 3, 3, 7]",0.5454699595769247,52.37500071525574,0.5464363892873129,52.36666798591614
247,247,"[9, 0, 1, 2, 0, 2, 8, 3, 8, 4, 0, 3]",0.5494543711344401,50.60417056083679,0.5505125919977824,50.78333616256714
248,248,"[3, 0, 0, 6, 1, 8, 0, 0, 8, 4, 4, 9]",0.5505787134170532,52.395832538604736,0.5516754388809204,52.38333344459534
249,249,"[3, 0, 6, 4, 0, 9, 4, 9, 8, 2, 4, 0]",0.5538748105367025,51.49999260902405,0.5550812085469564,51.51665806770325
250,250,"[1, 9, 3, 2, 1, 7, 9, 9, 4, 6, 4, 1]",0.5525672833124796,52.395832538604736,0.5537976821263632,52.33333110809326
251,251,"[6, 2, 7, 1, 3, 4, 8, 0, 8, 4, 4, 8]",0.546121080716451,52.33333110809326,0.5471580823262533,52.41667032241821
252,252,"[4, 2, 1, 0, 9, 7, 6, 7, 1, 3, 2, 2]",0.5482138395309448,52.58333086967468,0.5493179162343343,52.49999165534973
253,253,"[4, 3, 0, 9, 9, 2, 1, 7, 0, 9, 1, 7]",0.5487080017725626,52.33333706855774,0.5497720241546631,52.23333239555359
254,254,"[1, 4, 0, 4, 0, 6, 3, 0, 2, 6, 2, 4]",0.5482074419657389,52.791666984558105,0.549322247505188,52.70000100135803
255,255,"[9, 8, 0, 7, 9, 9, 8, 0, 8, 9, 4, 8]",0.5534218152364095,52.562499046325684,0.5546944936116537,52.59999632835388
256,256,"[9, 3, 3, 6, 6, 4, 4, 0, 3, 2, 8, 1]",0.5485740900039673,51.37500762939453,0.5496215422948202,51.38334035873413
257,257,"[7, 8, 3, 2, 7, 0, 3, 6, 2, 4, 7, 6]",0.5503615140914917,52.58333683013916,0.5516155958175659,52.55000591278076
258,258,"[6, 8, 6, 1, 6, 0, 8, 4, 9, 4, 3, 3]",0.5493570566177368,52.50000357627869,0.5505557854970297,52.50000357627869
259,259,"[1, 3, 3, 4, 7, 6, 3, 6, 4, 8, 3, 9]",0.5498462120691935,52.645838260650635,0.551061193148295,52.56667137145996
260,260,"[4, 0, 2, 8, 6, 6, 4, 2, 0, 4, 6, 7]",0.5424787203470866,52.562499046325684,0.5435919364293417,52.71666646003723
261,261,"[8, 4, 0, 0, 3, 2, 1, 7, 0, 1, 8, 3]",0.5489106178283691,51.208335161209106,0.550028920173645,51.15000009536743
262,262,"[8, 3, 2, 4, 7, 3, 6, 8, 2, 0, 7, 0]",0.5478788614273071,52.416664361953735,0.5490794579188029,52.38333344459534
263,263,"[4, 2, 0, 7, 6, 9, 3, 2, 3, 7, 9, 1]",0.5481402079264323,52.06250548362732,0.5492223103841146,52.000004053115845
264,264,"[9, 8, 8, 0, 2, 2, 7, 3, 0, 2, 6, 9]",0.5500383377075195,52.020829916000366,0.5511834621429443,52.049994468688965
265,265,"[7, 1, 7, 3, 4, 1, 3, 4, 1, 6, 7, 8]",0.5493631362915039,52.666670083999634,0.5506312052408854,52.60000824928284
266,266,"[9, 9, 4, 4, 8, 8, 8, 7, 2, 4, 3, 6]",0.5466595888137817,52.937501668930054,0.5478984117507935,52.91667580604553
267,267,"[9, 1, 4, 6, 1, 7, 9, 9, 8, 4, 1, 1]",0.551541288693746,52.937495708465576,0.5527466932932535,52.78332829475403
268,268,"[2, 0, 0, 4, 7, 1, 0, 4, 9, 3, 7, 3]",0.5519940058390299,51.708340644836426,0.5530619223912557,51.700007915496826
269,269,"[4, 7, 7, 1, 1, 0, 2, 9, 0, 8, 0, 8]",0.5513651768366495,51.16666555404663,0.5525897741317749,51.16666555404663
270,270,"[8, 7, 9, 6, 9, 8, 0, 8, 4, 0, 6, 3]",0.5486132701237997,52.62499451637268,0.5498060782750448,52.58333086967468
271,271,"[9, 1, 1, 0, 8, 2, 8, 0, 3, 0, 3, 6]",0.5495191017786661,51.81249976158142,0.5506751934687296,51.89999341964722
272,272,"[1, 8, 8, 9, 4, 9, 8, 2, 4, 3, 7, 0]",0.5498925447463989,51.58333778381348,0.5510635375976562,51.5500009059906
273,273,"[2, 2, 1, 0, 7, 3, 3, 2, 2, 3, 7, 9]",0.5516807635625204,51.18750333786011,0.552789568901062,51.13333463668823
274,274,"[7, 3, 4, 8, 4, 3, 1, 9, 2, 9, 8, 1]",0.5518865585327148,51.70833468437195,0.5530208349227905,51.633334159851074
275,275,"[1, 0, 3, 7, 7, 1, 7, 4, 8, 7, 6, 3]",0.5445568958918253,52.37500071525574,0.5457057555516561,52.433329820632935
276,276,"[2, 4, 2, 4, 7, 6, 0, 1, 3, 8, 9, 8]",0.5470579862594604,52.20833420753479,0.5483534336090088,52.149999141693115
277,277,"[9, 9, 1, 6, 3, 4, 4, 9, 8, 6, 2, 8]",0.5531112750371298,52.35416293144226,0.5544873476028442,52.38333344459534
278,278,"[2, 3, 9, 9, 4, 4, 0, 6, 0, 0, 1, 4]",0.5530268748601278,52.02084183692932,0.5541805823644003,52.08333730697632
279,279,"[6, 2, 2, 4, 2, 0, 0, 2, 8, 9, 0, 8]",0.5555015007654825,52.562499046325684,0.5567346413930258,52.49999761581421
280,280,"[9, 6, 4, 0, 1, 9, 2, 2, 6, 7, 7, 7]",0.5482104221979777,52.562499046325684,0.5494096676508585,52.433329820632935
281,281,"[6, 9, 3, 8, 1, 0, 6, 8, 3, 4, 6, 3]",0.5458037058512369,51.770830154418945,0.5469005505243937,51.883333921432495
282,282,"[2, 8, 3, 6, 7, 2, 1, 0, 2, 6, 9, 1]",0.5495349963506063,52.33333110809326,0.5506579875946045,52.35000252723694
283,283,"[9, 8, 9, 4, 9, 6, 3, 1, 7, 0, 6, 9]",0.5553731918334961,51.645833253860474,0.5565244754155477,51.583331823349
284,284,"[6, 3, 6, 2, 6, 8, 9, 8, 3, 6, 6, 3]",0.5484285751978556,51.99999809265137,0.5496204296747843,51.81666612625122
285,285,"[8, 8, 2, 2, 3, 1, 6, 8, 3, 9, 1, 4]",0.549738605817159,51.06250047683716,0.5508033434549967,51.06666684150696
286,286,"[1, 2, 7, 2, 8, 3, 3, 2, 1, 4, 0, 9]",0.5507939656575521,52.47916579246521,0.5520091454188029,52.36666202545166
287,287,"[3, 1, 1, 8, 1, 3, 4, 8, 3, 0, 2, 6]",0.5500313440958658,51.541668176651,0.5511065721511841,51.5333354473114
288,288,"[2, 0, 8, 3, 9, 6, 6, 6, 2, 4, 9, 1]",0.5479407707850138,52.791666984558105,0.5489615996678671,52.70000100135803
289,289,"[7, 1, 0, 2, 0, 9, 8, 8, 8, 6, 0, 2]",0.5460975964864095,51.479166746139526,0.547187328338623,51.38333439826965
290,290,"[8, 8, 4, 3, 6, 9, 6, 9, 2, 2, 1, 3]",0.5465505917867025,52.541667222976685,0.5476675828297933,52.49999761581421
291,291,"[7, 4, 3, 6, 6, 7, 8, 2, 4, 2, 3, 6]",0.5425299008687338,52.79167294502258,0.5436642169952393,52.70000696182251
292,292,"[9, 9, 2, 3, 3, 6, 1, 3, 2, 1, 6, 7]",0.5476495822270712,52.937501668930054,0.5487718979517618,52.933335304260254
293,293,"[4, 4, 7, 0, 4, 1, 4, 1, 8, 9, 9, 1]",0.550127387046814,52.37500071525574,0.5513155857721964,52.400004863739014
294,294,"[7, 1, 0, 6, 2, 4, 0, 1, 7, 2, 2, 1]",0.5492682854334513,51.81249380111694,0.5504221121470133,51.71666145324707
295,295,"[7, 2, 7, 6, 4, 4, 4, 9, 2, 9, 4, 1]",0.5501834948857626,52.95833945274353,0.5512977838516235,52.85000205039978
296,296,"[9, 8, 2, 6, 1, 6, 8, 0, 8, 3, 3, 9]",0.5515908797581991,51.249998807907104,0.5526230335235596,51.21666193008423
297,297,"[2, 3, 2, 0, 6, 1, 8, 0, 1, 9, 0, 8]",0.5536818504333496,51.500004529953,0.5548712412516276,51.45000219345093
298,298,"[2, 6, 4, 8, 7, 8, 4, 8, 4, 7, 9, 4]",0.5479393005371094,53.39583158493042,0.5491684675216675,53.1499981880188
299,299,"[6, 7, 6, 0, 0, 2, 7, 3, 2, 2, 8, 0]",0.5502258539199829,51.99999809265137,0.551390528678894,51.94999575614929
300,300,"[0, 0, 6, 3, 9, 9, 3, 7, 0, 3, 4, 2]",0.5512107610702515,52.95833945274353,0.5524325370788574,52.75000333786011
301,301,"[8, 3, 7, 7, 1, 9, 4, 0, 6, 0, 6, 9]",0.5510135094324747,52.16667056083679,0.552154024442037,52.08333134651184
302,302,"[8, 9, 6, 1, 6, 9, 8, 7, 2, 2, 0, 9]",0.5523739258448283,51.41666531562805,0.5534983476003011,51.34999752044678
303,303,"[0, 1, 2, 4, 1, 7, 1, 0, 9, 6, 2, 0]",0.5507928530375162,51.666659116744995,0.5519166390101115,51.5666663646698
304,304,"[1, 0, 8, 2, 3, 8, 0, 8, 3, 7, 8, 8]",0.5529794692993164,52.50000357627869,0.5543715159098307,52.36666798591614
305,305,"[8, 4, 8, 2, 8, 1, 9, 2, 1, 1, 8, 2]",0.5510607163111368,51.104170083999634,0.5521359443664551,51.11666917800903
306,306,"[4, 2, 7, 1, 6, 3, 0, 9, 1, 4, 2, 2]",0.5478092432022095,51.479166746139526,0.5488155682881674,51.46666765213013
307,307,"[1, 4, 1, 1, 4, 0, 1, 0, 7, 9, 0, 6]",0.5489077568054199,52.000004053115845,0.5499997933705648,52.000004053115845
308,308,"[0, 0, 2, 2, 3, 8, 3, 8, 8, 6, 6, 7]",0.54655921459198,51.916664838790894,0.5476862986882528,51.93333029747009
309,309,"[7, 9, 3, 1, 4, 4, 4, 1, 8, 1, 7, 2]",0.5441744724909464,51.04166865348816,0.5451246500015259,51.08333230018616
310,310,"[9, 6, 3, 4, 6, 3, 8, 4, 8, 7, 8, 8]",0.547423521677653,52.416664361953735,0.5487325588862101,52.36666798591614
311,311,"[9, 0, 6, 8, 9, 6, 1, 1, 4, 3, 7, 2]",0.5474716424942017,52.64583230018616,0.5486816565195719,52.61666774749756
312,312,"[2, 2, 8, 2, 0, 3, 7, 7, 0, 9, 3, 8]",0.5541001955668131,52.58333086967468,0.5554219484329224,52.433329820632935
313,313,"[8, 6, 8, 4, 9, 0, 6, 4, 7, 9, 0, 1]",0.552071730295817,52.104175090789795,0.5533105929692587,52.000004053115845
314,314,"[6, 4, 1, 4, 8, 7, 7, 9, 6, 4, 4, 0]",0.546104907989502,52.54166126251221,0.5471651951471964,52.48333215713501
315,315,"[4, 8, 1, 9, 2, 9, 1, 1, 9, 7, 7, 7]",0.5465067227681478,52.47916579246521,0.5476284424463908,52.43333578109741
316,316,"[7, 4, 2, 6, 9, 4, 7, 9, 4, 4, 4, 3]",0.5436017910639445,52.16667056083679,0.5445611476898193,52.30000019073486
317,317,"[4, 1, 1, 0, 8, 3, 8, 0, 7, 6, 0, 9]",0.5471729040145874,51.895833015441895,0.548241933186849,52.016663551330566
318,318,"[9, 0, 2, 6, 3, 9, 2, 0, 8, 2, 0, 4]",0.5516747236251831,51.58333778381348,0.5527685483296713,51.750004291534424
319,319,"[9, 2, 7, 0, 7, 1, 2, 1, 3, 3, 4, 0]",0.5536592801411947,52.416664361953735,0.554949680964152,52.36666202545166
320,320,"[7, 6, 2, 0, 7, 0, 2, 7, 7, 3, 8, 1]",0.550382653872172,51.27083659172058,0.5515367190043131,51.249998807907104
321,321,"[3, 8, 4, 8, 8, 7, 9, 1, 1, 0, 8, 0]",0.5543575684229533,51.66666507720947,0.5556639830271403,51.499998569488525
322,322,"[2, 4, 8, 7, 6, 4, 3, 9, 7, 1, 4, 6]",0.543967604637146,53.22917103767395,0.5450476805369059,53.166669607162476
323,323,"[7, 6, 9, 7, 8, 6, 6, 9, 6, 1, 8, 9]",0.5483891169230143,52.85417437553406,0.5495658715566,52.78334021568298
324,324,"[4, 3, 2, 9, 8, 8, 3, 7, 3, 7, 8, 7]",0.5458255211512247,53.52083444595337,0.5471068620681763,53.35000157356262
325,325,"[0, 4, 9, 1, 6, 0, 1, 0, 8, 0, 6, 9]",0.5483741760253906,52.97916531562805,0.5495359897613525,52.88333296775818
326,326,"[6, 6, 4, 4, 7, 3, 0, 2, 9, 2, 1, 1]",0.5537563562393188,52.395832538604736,0.5549638271331787,52.41667032241821
327,327,"[8, 9, 4, 4, 8, 6, 2, 9, 1, 0, 0, 7]",0.5502334038416544,51.68750286102295,0.5513792832692465,51.749998331069946
328,328,"[9, 4, 4, 9, 3, 4, 9, 1, 6, 0, 4, 1]",0.5488295157750448,52.45833396911621,0.5498479604721069,52.46666669845581
329,329,"[4, 1, 9, 1, 9, 8, 3, 8, 4, 2, 3, 7]",0.5527538061141968,53.145831823349,0.5540482997894287,53.066664934158325
330,330,"[3, 6, 1, 2, 3, 8, 8, 0, 4, 6, 2, 6]",0.5496803522109985,52.60416865348816,0.5508712927500407,52.56666541099548
331,331,"[4, 0, 0, 4, 2, 8, 2, 1, 3, 9, 7, 0]",0.5511292219161987,50.93749761581421,0.5521044333775839,50.93333125114441
332,332,"[9, 4, 6, 1, 2, 7, 6, 4, 7, 2, 9, 8]",0.5467662811279297,52.666670083999634,0.5479301611582438,52.66667604446411
333,333,"[0, 2, 6, 3, 3, 7, 2, 8, 2, 1, 6, 0]",0.5475487311681112,52.33333110809326,0.5486024220784506,52.316659688949585
334,334,"[3, 2, 6, 7, 2, 1, 0, 4, 6, 8, 6, 8]",0.5488333702087402,52.45832800865173,0.5500301520029703,52.46666073799133
335,335,"[7, 0, 2, 9, 9, 8, 2, 6, 4, 3, 8, 3]",0.550360639890035,52.06249952316284,0.5516742467880249,52.08333134651184
336,336,"[8, 2, 8, 1, 9, 4, 8, 3, 3, 6, 2, 7]",0.548828125,52.97916531562805,0.5501555999120077,52.81665921211243
337,337,"[4, 9, 7, 8, 4, 0, 4, 0, 6, 9, 9, 4]",0.55139688650767,52.70833373069763,0.5526084899902344,52.60000228881836
338,338,"[3, 6, 8, 1, 0, 2, 1, 8, 3, 4, 0, 2]",0.5488337278366089,52.77082920074463,0.550030787785848,52.566659450531006
339,339,"[6, 2, 6, 2, 7, 4, 6, 2, 4, 7, 4, 6]",0.5472520192464193,53.25000286102295,0.548449714978536,53.23333144187927
340,340,"[3, 0, 2, 6, 1, 8, 4, 4, 2, 2, 7, 2]",0.54593292872111,53.22916507720947,0.5471411943435669,53.21666598320007
341,341,"[2, 3, 9, 7, 4, 6, 7, 4, 2, 7, 2, 1]",0.5487795273462931,53.22917103767395,0.5499370892842611,53.1333327293396
342,342,"[4, 2, 2, 0, 1, 4, 3, 8, 6, 6, 4, 1]",0.5500930547714233,52.60416269302368,0.5512055158615112,52.666664123535156
343,343,"[0, 6, 4, 0, 8, 8, 1, 6, 1, 9, 7, 7]",0.5489747921625773,52.31249928474426,0.550142765045166,52.299994230270386
344,344,"[3, 8, 1, 6, 6, 4, 4, 9, 2, 4, 0, 3]",0.5460327466328939,52.08333134651184,0.5470606883366903,52.166664600372314
345,345,"[8, 9, 3, 6, 8, 9, 6, 6, 6, 0, 8, 1]",0.5514092842737833,52.18749642372131,0.5526867310206095,52.10000276565552
346,346,"[7, 3, 9, 4, 7, 7, 8, 7, 6, 3, 7, 3]",0.5458671649297079,53.041666746139526,0.5470833778381348,53.1000018119812
347,347,"[8, 3, 6, 0, 0, 3, 4, 3, 7, 8, 9, 7]",0.5457864999771118,53.083330392837524,0.5470238526662191,53.01666259765625
348,348,"[6, 3, 8, 0, 8, 8, 0, 1, 2, 3, 7, 8]",0.5471314191818237,51.22917294502258,0.5482788880666097,51.18333697319031
349,349,"[8, 1, 7, 9, 8, 9, 9, 2, 4, 8, 9, 9]",0.5528116226196289,51.45832896232605,0.5539114077885946,51.44999623298645
350,350,"[1, 0, 6, 3, 1, 8, 7, 1, 1, 1, 1, 4]",0.5500456492106119,52.041661739349365,0.5510422786076864,52.09999680519104
351,351,"[4, 1, 4, 8, 0, 0, 7, 4, 2, 0, 6, 7]",0.5488655964533488,52.16665863990784,0.5498824914296468,52.183324098587036
352,352,"[7, 1, 6, 1, 1, 4, 2, 6, 3, 1, 4, 7]",0.5489577849706014,52.24999785423279,0.5500608285268148,52.23333239555359
353,353,"[7, 0, 9, 8, 6, 6, 2, 4, 7, 1, 8, 6]",0.548821489016215,52.27082967758179,0.5500157276789347,52.21666097640991
354,354,"[9, 0, 2, 6, 6, 9, 6, 7, 9, 2, 8, 0]",0.5574222008387247,52.10416913032532,0.5587595701217651,52.31667160987854
355,355,"[1, 9, 0, 3, 4, 4, 2, 9, 3, 7, 4, 7]",0.5495608647664388,52.541667222976685,0.550789992014567,52.49999761581421
356,356,"[2, 8, 4, 2, 4, 7, 4, 1, 2, 9, 0, 9]",0.55116339524587,50.54166316986084,0.5521529118220011,50.64999461174011
357,357,"[8, 3, 4, 9, 6, 0, 1, 9, 0, 9, 3, 7]",0.551644523938497,51.541668176651,0.5526646773020426,51.633334159851074
358,358,"[6, 4, 2, 0, 8, 2, 6, 7, 3, 8, 2, 3]",0.5440858205159506,52.270835638046265,0.5451006094614664,52.30000019073486
359,359,"[7, 1, 9, 1, 8, 0, 2, 6, 2, 0, 9, 7]",0.5505032539367676,52.62499451637268,0.5517326593399048,52.549999952316284
360,360,"[8, 9, 4, 8, 1, 1, 4, 7, 6, 9, 6, 1]",0.5506657361984253,52.79166102409363,0.55186927318573,52.73333191871643
361,361,"[3, 1, 7, 7, 9, 6, 4, 7, 1, 9, 0, 2]",0.5558074315388998,52.89583206176758,0.557126005490621,52.91666388511658
362,362,"[6, 8, 6, 1, 3, 1, 2, 4, 9, 4, 9, 9]",0.5539318720499674,51.18749737739563,0.5549380381902059,51.233333349227905
363,363,"[1, 4, 3, 1, 3, 8, 3, 7, 3, 7, 2, 2]",0.548276424407959,52.41667032241821,0.5494136412938436,52.38333344459534
364,364,"[9, 4, 9, 6, 0, 9, 8, 2, 0, 1, 2, 4]",0.551005999247233,51.541668176651,0.5521185000737509,51.5666663646698
365,365,"[7, 2, 1, 9, 6, 3, 3, 4, 4, 4, 3, 7]",0.5459015766779581,51.97916626930237,0.5470651388168335,51.98333263397217
366,366,"[8, 3, 1, 8, 7, 7, 9, 4, 9, 1, 4, 7]",0.5480656623840332,52.60416865348816,0.5492404699325562,52.68333554267883
367,367,"[4, 1, 8, 9, 9, 7, 1, 1, 3, 6, 1, 0]",0.5494836171468099,51.8541693687439,0.550601601600647,51.93333029747009
368,368,"[3, 6, 0, 0, 6, 2, 3, 8, 2, 9, 8, 9]",0.549595832824707,51.520830392837524,0.550738255182902,51.499998569488525
369,369,"[7, 4, 9, 0, 7, 1, 6, 1, 6, 7, 2, 0]",0.5449271202087402,50.87500214576721,0.5458470582962036,51.01666450500488
370,370,"[4, 2, 4, 9, 9, 1, 0, 4, 9, 1, 7, 4]",0.5524928172429403,52.75000333786011,0.5537593762079874,52.666670083999634
371,371,"[3, 2, 6, 4, 2, 0, 4, 0, 0, 0, 1, 7]",0.5516902208328247,52.395832538604736,0.5528672536214193,52.49999761581421
372,372,"[3, 2, 7, 1, 2, 6, 4, 6, 1, 2, 0, 1]",0.5480931202570597,50.979167222976685,0.5490043560663859,51.08333230018616
373,373,"[4, 6, 8, 2, 4, 4, 8, 9, 8, 1, 9, 4]",0.5473821957906088,51.47916078567505,0.548442562421163,51.533329486846924
374,374,"[8, 0, 0, 3, 3, 9, 4, 2, 2, 9, 7, 7]",0.5517932971318563,52.35416889190674,0.5529889265696207,52.30000019073486
375,375,"[4, 1, 4, 7, 7, 7, 8, 2, 0, 4, 8, 3]",0.550655206044515,51.97916626930237,0.5518213113149008,52.03333497047424
376,376,"[6, 4, 7, 3, 0, 4, 0, 0, 1, 6, 1, 4]",0.5473440488179525,51.249998807907104,0.5482801993687948,51.44999623298645
377,377,"[4, 9, 1, 8, 3, 1, 2, 4, 2, 3, 4, 2]",0.5456803639729818,51.2916624546051,0.546658436457316,51.44999623298645
378,378,"[6, 8, 7, 8, 7, 9, 0, 0, 4, 8, 9, 1]",0.5501858790715536,51.77083611488342,0.5513591766357422,51.7833411693573
379,379,"[1, 3, 0, 8, 0, 3, 0, 8, 4, 3, 4, 9]",0.551654060681661,52.16667056083679,0.5528705517450968,52.149999141693115
380,380,"[7, 2, 0, 0, 4, 6, 8, 4, 1, 9, 9, 9]",0.5529640913009644,51.99999809265137,0.5540875991185507,52.06666588783264
381,381,"[3, 0, 2, 8, 0, 4, 7, 0, 9, 0, 4, 8]",0.5519981781641642,52.125000953674316,0.55317223072052,52.149999141693115
382,382,"[0, 7, 4, 7, 6, 6, 4, 3, 3, 7, 0, 1]",0.5499298175175985,53.02083492279053,0.5512127876281738,52.86666750907898
383,383,"[0, 2, 3, 7, 0, 3, 2, 1, 6, 2, 0, 3]",0.550451397895813,51.750004291534424,0.5516822338104248,51.76666975021362
384,384,"[9, 7, 2, 7, 4, 4, 0, 0, 4, 7, 1, 3]",0.5480214754740397,52.770835161209106,0.5492086013158163,52.76666879653931
385,385,"[0, 1, 3, 4, 0, 6, 8, 8, 9, 2, 6, 9]",0.5535329580307007,52.8541624546051,0.5548057953516642,52.666664123535156
386,386,"[6, 0, 1, 4, 9, 0, 4, 1, 3, 6, 3, 7]",0.5468344688415527,52.79166102409363,0.5478998025258383,52.8499960899353
387,387,"[0, 3, 1, 8, 2, 6, 6, 0, 2, 6, 4, 8]",0.5468970537185669,51.583331823349,0.5479550361633301,51.5666663646698
388,388,"[8, 9, 6, 7, 1, 9, 4, 4, 3, 9, 8, 0]",0.556937019030253,51.916664838790894,0.5581739743550619,51.98333263397217
389,389,"[3, 8, 2, 8, 6, 9, 1, 1, 0, 4, 8, 0]",0.5555466413497925,52.291667461395264,0.5567996104558309,52.30000019073486
390,390,"[1, 1, 2, 8, 0, 0, 1, 7, 2, 3, 2, 4]",0.552388072013855,52.47916579246521,0.553589383761088,52.36666202545166
391,391,"[2, 3, 7, 6, 9, 6, 3, 6, 7, 6, 1, 1]",0.5480021238327026,52.791666984558105,0.5492533445358276,52.816665172576904
392,392,"[1, 0, 2, 0, 4, 0, 9, 1, 6, 2, 6, 3]",0.54999840259552,52.75000333786011,0.551227847735087,52.70000100135803
393,393,"[2, 6, 0, 9, 0, 6, 6, 4, 7, 4, 1, 0]",0.5498493512471517,52.52084136009216,0.5510346492131551,52.400004863739014
394,394,"[2, 4, 1, 7, 3, 6, 1, 1, 3, 4, 6, 0]",0.5513761838277181,52.04166769981384,0.55254594484965,52.06666588783264
395,395,"[1, 0, 8, 9, 8, 9, 0, 3, 3, 0, 6, 6]",0.549741268157959,51.583331823349,0.5508488019307455,51.6166627407074
396,396,"[3, 1, 0, 7, 8, 8, 1, 4, 8, 6, 6, 2]",0.5456130901972452,53.020840883255005,0.546727736790975,52.91667580604553
397,397,"[1, 3, 7, 4, 8, 4, 1, 3, 6, 0, 2, 0]",0.5449970165888468,52.24999785423279,0.546075701713562,52.133333683013916
398,398,"[4, 3, 7, 9, 8, 8, 8, 0, 1, 8, 7, 8]",0.5481281677881876,52.125000953674316,0.5493696530659994,52.133333683013916
399,399,"[0, 4, 2, 6, 4, 0, 9, 7, 0, 9, 6, 8]",0.5504180590311686,52.43750214576721,0.5516415437062582,52.35000252723694
